{
  "hash": "c3bbbdc9",
  "configHash": "bfc400d9",
  "lockfileHash": "d239edb7",
  "browserHash": "e1b37e03",
  "optimized": {
    "@angular/common/http": {
      "src": "../../../../../node_modules/@angular/common/fesm2022/http.mjs",
      "file": "@angular_common_http.js",
      "fileHash": "bf880860",
      "needsInterop": false
    },
    "@angular/core": {
      "src": "../../../../../node_modules/@angular/core/fesm2022/core.mjs",
      "file": "@angular_core.js",
      "fileHash": "ccac5c86",
      "needsInterop": false
    },
    "@angular/forms": {
      "src": "../../../../../node_modules/@angular/forms/fesm2022/forms.mjs",
      "file": "@angular_forms.js",
      "fileHash": "4865d2db",
      "needsInterop": false
    },
    "@angular/material/card": {
      "src": "../../../../../node_modules/@angular/material/fesm2022/card.mjs",
      "file": "@angular_material_card.js",
      "fileHash": "c8af0e3c",
      "needsInterop": false
    },
    "@angular/platform-browser": {
      "src": "../../../../../node_modules/@angular/platform-browser/fesm2022/platform-browser.mjs",
      "file": "@angular_platform-browser.js",
      "fileHash": "580bbadb",
      "needsInterop": false
    },
    "@angular/platform-browser/animations/async": {
      "src": "../../../../../node_modules/@angular/platform-browser/fesm2022/animations/async.mjs",
      "file": "@angular_platform-browser_animations_async.js",
      "fileHash": "c3a6349b",
      "needsInterop": false
    },
    "@angular/router": {
      "src": "../../../../../node_modules/@angular/router/fesm2022/router.mjs",
      "file": "@angular_router.js",
      "fileHash": "4d76e94b",
      "needsInterop": false
    },
    "@angular/common": {
      "src": "../../../../../node_modules/@angular/common/fesm2022/common.mjs",
      "file": "@angular_common.js",
      "fileHash": "838837b1",
      "needsInterop": false
    }
  },
  "chunks": {
    "browser-F777VG7L": {
      "file": "browser-F777VG7L.js"
    },
    "chunk-JM2B4EAT": {
      "file": "chunk-JM2B4EAT.js"
    },
    "chunk-LYPMMEUU": {
      "file": "chunk-LYPMMEUU.js"
    },
    "chunk-LPKHRC42": {
      "file": "chunk-LPKHRC42.js"
    },
    "chunk-XXIUP7RF": {
      "file": "chunk-XXIUP7RF.js"
    }
  }
}