{
  "events": [
    {
      "eventDateTime": "2024-04-18 09:00 AM",
      "venue": "Conference Hall",
      "advisor": "John Doe",
      "eventSummary": {
        "availableCapacity": 42,
        "checkedIn": 7,
        "cancelled": 7,
        "totalReservations": 42,
        "waitList": 7,
        "disqualified": 7
      },
      "action": "Details"
    },
    {
      "eventDateTime": "2024-04-19 10:00 AM",
      "venue": "Auditorium",
      "advisor": "Jane Smith",
      "eventSummary": {
        "availableCapacity": 60,
        "checkedIn": 12,
        "cancelled": 5,
        "totalReservations": 50,
        "waitList": 10,
        "disqualified": 3
      },
      "action": "Details"
    },
    {
      "eventDateTime": "2024-04-20 02:00 PM",
      "venue": "Boardroom",
      "advisor": "Michael Johnson",
      "eventSummary": {
        "availableCapacity": 30,
        "checkedIn": 5,
        "cancelled": 2,
        "totalReservations": 25,
        "waitList": 5,
        "disqualified": 1
      },
      "action": "Details"
    }
  ]
}
