{
  "hash": "69f21f43",
  "configHash": "aef1431d",
  "lockfileHash": "a540efde",
  "browserHash": "278a66d6",
  "optimized": {
    "@angular/core": {
      "src": "../../../../../node_modules/@angular/core/fesm2022/core.mjs",
      "file": "@angular_core.js",
      "fileHash": "68b8bdd4",
      "needsInterop": false
    },
    "@angular/platform-browser": {
      "src": "../../../../../node_modules/@angular/platform-browser/fesm2022/platform-browser.mjs",
      "file": "@angular_platform-browser.js",
      "fileHash": "f6b0f6ef",
      "needsInterop": false
    },
    "@angular/router": {
      "src": "../../../../../node_modules/@angular/router/fesm2022/router.mjs",
      "file": "@angular_router.js",
      "fileHash": "d9b2d330",
      "needsInterop": false
    },
    "@angular/common": {
      "src": "../../../../../node_modules/@angular/common/fesm2022/common.mjs",
      "file": "@angular_common.js",
      "fileHash": "20c7ec9f",
      "needsInterop": false
    },
    "@angular/platform-browser/animations/async": {
      "src": "../../../../../node_modules/@angular/platform-browser/fesm2022/animations/async.mjs",
      "file": "@angular_platform-browser_animations_async.js",
      "fileHash": "419c5fcc",
      "needsInterop": false
    },
    "@ng-bootstrap/ng-bootstrap": {
      "src": "../../../../../node_modules/@ng-bootstrap/ng-bootstrap/fesm2022/ng-bootstrap.mjs",
      "file": "@ng-bootstrap_ng-bootstrap.js",
      "fileHash": "2093e482",
      "needsInterop": false
    },
    "@angular/material/button": {
      "src": "../../../../../node_modules/@angular/material/fesm2022/button.mjs",
      "file": "@angular_material_button.js",
      "fileHash": "b3c6d4eb",
      "needsInterop": false
    },
    "@angular/material/badge": {
      "src": "../../../../../node_modules/@angular/material/fesm2022/badge.mjs",
      "file": "@angular_material_badge.js",
      "fileHash": "f9b7308f",
      "needsInterop": false
    },
    "@angular/material/sidenav": {
      "src": "../../../../../node_modules/@angular/material/fesm2022/sidenav.mjs",
      "file": "@angular_material_sidenav.js",
      "fileHash": "0bab3ba2",
      "needsInterop": false
    },
    "@angular/material/toolbar": {
      "src": "../../../../../node_modules/@angular/material/fesm2022/toolbar.mjs",
      "file": "@angular_material_toolbar.js",
      "fileHash": "2c7d4e93",
      "needsInterop": false
    },
    "@angular/material/tabs": {
      "src": "../../../../../node_modules/@angular/material/fesm2022/tabs.mjs",
      "file": "@angular_material_tabs.js",
      "fileHash": "e08f4f92",
      "needsInterop": false
    },
    "@angular/material/list": {
      "src": "../../../../../node_modules/@angular/material/fesm2022/list.mjs",
      "file": "@angular_material_list.js",
      "fileHash": "69895743",
      "needsInterop": false
    },
    "@angular/material/icon": {
      "src": "../../../../../node_modules/@angular/material/fesm2022/icon.mjs",
      "file": "@angular_material_icon.js",
      "fileHash": "6eff0d43",
      "needsInterop": false
    }
  },
  "chunks": {
    "browser-F3JMTP5Z": {
      "file": "browser-F3JMTP5Z.js"
    },
    "chunk-PC3BT4BG": {
      "file": "chunk-PC3BT4BG.js"
    },
    "chunk-7RKQ6XLT": {
      "file": "chunk-7RKQ6XLT.js"
    },
    "chunk-RYG3N2EO": {
      "file": "chunk-RYG3N2EO.js"
    },
    "chunk-2LPBWCJC": {
      "file": "chunk-2LPBWCJC.js"
    },
    "chunk-3SYPSEFT": {
      "file": "chunk-3SYPSEFT.js"
    },
    "chunk-T5KBOBL4": {
      "file": "chunk-T5KBOBL4.js"
    },
    "chunk-I7JNPJRS": {
      "file": "chunk-I7JNPJRS.js"
    },
    "chunk-3MHNNYVK": {
      "file": "chunk-3MHNNYVK.js"
    }
  }
}