{
  "hash": "ca99cb08",
  "configHash": "472fda6a",
  "lockfileHash": "909f1e98",
  "browserHash": "793c4ea1",
  "optimized": {
    "@angular/core": {
      "src": "../../../../../node_modules/@angular/core/fesm2022/core.mjs",
      "file": "@angular_core.js",
      "fileHash": "31bd43e6",
      "needsInterop": false
    },
    "@angular/forms": {
      "src": "../../../../../node_modules/@angular/forms/fesm2022/forms.mjs",
      "file": "@angular_forms.js",
      "fileHash": "bccf317c",
      "needsInterop": false
    },
    "@angular/platform-browser": {
      "src": "../../../../../node_modules/@angular/platform-browser/fesm2022/platform-browser.mjs",
      "file": "@angular_platform-browser.js",
      "fileHash": "e0d54112",
      "needsInterop": false
    },
    "@angular/router": {
      "src": "../../../../../node_modules/@angular/router/fesm2022/router.mjs",
      "file": "@angular_router.js",
      "fileHash": "d90a0c0b",
      "needsInterop": false
    },
    "@angular/common": {
      "src": "../../../../../node_modules/@angular/common/fesm2022/common.mjs",
      "file": "@angular_common.js",
      "fileHash": "d5fed892",
      "needsInterop": false
    },
    "@angular/material/card": {
      "src": "../../../../../node_modules/@angular/material/fesm2022/card.mjs",
      "file": "@angular_material_card.js",
      "fileHash": "8464f0c0",
      "needsInterop": false
    },
    "@angular/common/http": {
      "src": "../../../../../node_modules/@angular/common/fesm2022/http.mjs",
      "file": "@angular_common_http.js",
      "fileHash": "94b39855",
      "needsInterop": false
    }
  },
  "chunks": {
    "chunk-DKH3KDX6": {
      "file": "chunk-DKH3KDX6.js"
    },
    "chunk-NWKQJG6T": {
      "file": "chunk-NWKQJG6T.js"
    },
    "chunk-5BTDD5HL": {
      "file": "chunk-5BTDD5HL.js"
    },
    "chunk-HNWLEMZZ": {
      "file": "chunk-HNWLEMZZ.js"
    }
  }
}