{
  "hash": "6423fcb0",
  "configHash": "bee4285d",
  "lockfileHash": "d015f529",
  "browserHash": "7167fe8a",
  "optimized": {
    "@angular/core": {
      "src": "../../../../../node_modules/@angular/core/fesm2022/core.mjs",
      "file": "@angular_core.js",
      "fileHash": "d4c53823",
      "needsInterop": false
    },
    "@angular/platform-browser": {
      "src": "../../../../../node_modules/@angular/platform-browser/fesm2022/platform-browser.mjs",
      "file": "@angular_platform-browser.js",
      "fileHash": "624c753a",
      "needsInterop": false
    },
    "@angular/router": {
      "src": "../../../../../node_modules/@angular/router/fesm2022/router.mjs",
      "file": "@angular_router.js",
      "fileHash": "2598232f",
      "needsInterop": false
    },
    "@angular/common/http": {
      "src": "../../../../../node_modules/@angular/common/fesm2022/http.mjs",
      "file": "@angular_common_http.js",
      "fileHash": "3cfb0ed1",
      "needsInterop": false
    },
    "@angular/common": {
      "src": "../../../../../node_modules/@angular/common/fesm2022/common.mjs",
      "file": "@angular_common.js",
      "fileHash": "02e8c41f",
      "needsInterop": false
    },
    "@angular/forms": {
      "src": "../../../../../node_modules/@angular/forms/fesm2022/forms.mjs",
      "file": "@angular_forms.js",
      "fileHash": "59f0fb64",
      "needsInterop": false
    }
  },
  "chunks": {
    "chunk-NQZXWTCR": {
      "file": "chunk-NQZXWTCR.js"
    },
    "chunk-LHTDDO4X": {
      "file": "chunk-LHTDDO4X.js"
    },
    "chunk-CVLI7GHA": {
      "file": "chunk-CVLI7GHA.js"
    },
    "chunk-P6BN7I6E": {
      "file": "chunk-P6BN7I6E.js"
    }
  }
}