{
  "hash": "70505b16",
  "configHash": "1bb3a9b7",
  "lockfileHash": "254f4cd5",
  "browserHash": "6d00c877",
  "optimized": {
    "@angular/common": {
      "src": "../../../../../node_modules/@angular/common/fesm2022/common.mjs",
      "file": "@angular_common.js",
      "fileHash": "ef8f8949",
      "needsInterop": false
    },
    "@angular/common/http": {
      "src": "../../../../../node_modules/@angular/common/fesm2022/http.mjs",
      "file": "@angular_common_http.js",
      "fileHash": "d61c43ec",
      "needsInterop": false
    },
    "@angular/common/locales/en": {
      "src": "../../../../../node_modules/@angular/common/locales/en.mjs",
      "file": "@angular_common_locales_en.js",
      "fileHash": "b51f9a6a",
      "needsInterop": false
    },
    "@angular/core": {
      "src": "../../../../../node_modules/@angular/core/fesm2022/core.mjs",
      "file": "@angular_core.js",
      "fileHash": "f535b805",
      "needsInterop": false
    },
    "@angular/forms": {
      "src": "../../../../../node_modules/@angular/forms/fesm2022/forms.mjs",
      "file": "@angular_forms.js",
      "fileHash": "da2b045b",
      "needsInterop": false
    },
    "@angular/material/card": {
      "src": "../../../../../node_modules/@angular/material/fesm2022/card.mjs",
      "file": "@angular_material_card.js",
      "fileHash": "4d73906b",
      "needsInterop": false
    },
    "@angular/material/icon": {
      "src": "../../../../../node_modules/@angular/material/fesm2022/icon.mjs",
      "file": "@angular_material_icon.js",
      "fileHash": "5ce7fb83",
      "needsInterop": false
    },
    "@angular/material/toolbar": {
      "src": "../../../../../node_modules/@angular/material/fesm2022/toolbar.mjs",
      "file": "@angular_material_toolbar.js",
      "fileHash": "a774e196",
      "needsInterop": false
    },
    "@angular/platform-browser": {
      "src": "../../../../../node_modules/@angular/platform-browser/fesm2022/platform-browser.mjs",
      "file": "@angular_platform-browser.js",
      "fileHash": "8010e6f9",
      "needsInterop": false
    },
    "@angular/platform-browser/animations": {
      "src": "../../../../../node_modules/@angular/platform-browser/fesm2022/animations.mjs",
      "file": "@angular_platform-browser_animations.js",
      "fileHash": "274c98be",
      "needsInterop": false
    },
    "@angular/platform-browser/animations/async": {
      "src": "../../../../../node_modules/@angular/platform-browser/fesm2022/animations/async.mjs",
      "file": "@angular_platform-browser_animations_async.js",
      "fileHash": "6c8cf4af",
      "needsInterop": false
    },
    "@angular/router": {
      "src": "../../../../../node_modules/@angular/router/fesm2022/router.mjs",
      "file": "@angular_router.js",
      "fileHash": "8ad9479e",
      "needsInterop": false
    },
    "ng-zorro-antd/i18n": {
      "src": "../../../../../node_modules/ng-zorro-antd/fesm2022/ng-zorro-antd-i18n.mjs",
      "file": "ng-zorro-antd_i18n.js",
      "fileHash": "d91d1b07",
      "needsInterop": false
    }
  },
  "chunks": {
    "browser-XDDAEOP2": {
      "file": "browser-XDDAEOP2.js"
    },
    "chunk-52CEQUDF": {
      "file": "chunk-52CEQUDF.js"
    },
    "chunk-52ORGGYE": {
      "file": "chunk-52ORGGYE.js"
    },
    "chunk-XKOOKKX6": {
      "file": "chunk-XKOOKKX6.js"
    },
    "chunk-A7XHOUUN": {
      "file": "chunk-A7XHOUUN.js"
    },
    "chunk-UWPPCM3K": {
      "file": "chunk-UWPPCM3K.js"
    },
    "chunk-LHCJBIPS": {
      "file": "chunk-LHCJBIPS.js"
    },
    "chunk-NMGCC5GF": {
      "file": "chunk-NMGCC5GF.js"
    },
    "chunk-J4B6MK7R": {
      "file": "chunk-J4B6MK7R.js"
    }
  }
}